USE scsac;

-- 👤 사용자 (user.authority는 문자열)
INSERT INTO `user` (`id`, `password`, `authority`, `generation`, `affiliate`, `name`, `nickname`, `boj_id`) VALUES
('2406', '$2a$12$4Ve5zKH2eFOp4fGHAvv8Q.6qdFZRqsgYKqvuhKacsF0LHU2hWDC56', 'ROLE_Admin', 24, 'DX', '김혜민', 'hyenem', 'hyenem'),
('2402', '$2a$12$4Ve5zKH2eFOp4fGHAvv8Q.6qdFZRqsgYKqvuhKacsF0LHU2hWDC56', 'ROLE_Admin', 24, 'DX', '김승기', 'testfirst', 'testfirst'),
('2405', '$2a$12$4Ve5zKH2eFOp4fGHAvv8Q.6qdFZRqsgYKqvuhKacsF0LHU2hWDC56', 'ROLE_Admin', 24, 'SDS', '김정우', 'jungwoo0405', 'jungwoo0405'),
('2411', '$2a$12$4Ve5zKH2eFOp4fGHAvv8Q.6qdFZRqsgYKqvuhKacsF0LHU2hWDC56', 'ROLE_Admin', 24, 'DX', '이준영', 'jylee0619', 'jylee0619'),
('2400', '$2a$12$4Ve5zKH2eFOp4fGHAvv8Q.6qdFZRqsgYKqvuhKacsF0LHU2hWDC56', 'ROLE_Student', 25, 'SDS', '신사임당', '50000', '50000'),
('2401', '$2a$12$4Ve5zKH2eFOp4fGHAvv8Q.6qdFZRqsgYKqvuhKacsF0LHU2hWDC56', 'ROLE_Graduate', 25, 'DS', '홍길동', 'cantcallfather', NULL),
('2500', '$2a$12$4Ve5zKH2eFOp4fGHAvv8Q.6qdFZRqsgYKqvuhKacsF0LHU2hWDC56', 'ROLE_Student', 5, NULL, NULL, NULL, NULL);

-- 📂 게시판 (category.authority도 문자열)
INSERT INTO category (authority, title) VALUES
('ROLE_Admin', '공지사항'),
('ROLE_Student', '자유게시판'),
('ROLE_Student', '질문과 답변'),
('ROLE_Graduate', '스터디 모집'),
('ROLE_Graduate', '졸업생 커뮤니티');

-- 📝 게시글
INSERT INTO article (category_id, title, user_id, content, created_at, views, is_updated) VALUES
(1, '서버 점검 안내', '2406', '서버는 오늘 22시부터 점검에 들어갑니다.', '2024-05-20 10:00:00', 32, 0),
(1, '5월 운영 계획 공지', '2406', '운영팀입니다. 5월 운영 계획을 공유드립니다.', '2024-05-21 09:30:00', 27, 0),
(2, '오늘 점심 뭐 먹지?', '2405', '고민되네요... 추천 좀 해주세요!', '2024-05-21 12:10:00', 18, 1),
(2, '자유롭게 대화하는 글입니다', '2401', '이야기 나누어요~', '2024-05-22 08:22:00', 12, 1),
(3, 'React 상태관리 질문', '2405', 'Redux를 써야 할까요, Context로 충분할까요?', '2024-05-21 15:40:00', 46, 0),
(3, 'MySQL join이 잘 안돼요', '2406', 'LEFT JOIN이 안 먹혀요. 도와주세요!', '2024-05-22 11:05:00', 23, 1),
(4, '스터디원 모집합니다 (CS)', '2411', 'CS 전공 스터디, 온라인으로 함께해요!', '2024-05-23 14:00:00', 51, 1),
(4, '알고리즘 스터디 모집', '2400', '백준 골드 이상 문제 위주로 진행합니다.', '2024-05-23 15:20:00', 39, 0),
(5, '졸업생 모임 어때요?', '2400', '이번 달 말에 번개할까요?', '2024-05-24 18:00:00', 22, 0),
(5, '졸업 후 취업 팁 공유', '2401', '면접 볼 때 이런 부분이 중요했어요.', '2024-05-24 19:00:00', 44, 0),
(2, '백엔드 개발자의 하루 #1', '2405', '백엔드 업무를 하며 느낀 점과 배운 내용을 공유합니다.', '2024-05-23 05:53:00', 100, 0),
(2, '토이 프로젝트 아이디어 #2', '2402', '함께 구현해볼 수 있는 재미있는 프로젝트 아이디어를 제안합니다.', '2024-05-17 18:15:00', 29, 1),
(2, '코딩 공부 루틴 공유 #3', '2400', '효율적인 코딩 공부 방법과 루틴을 나눠보아요.', '2024-05-04 00:41:00', 81, 0),
(2, '토이 프로젝트 아이디어 #4', '2405', '함께 구현해볼 수 있는 재미있는 프로젝트 아이디어를 제안합니다.', '2024-05-15 21:30:00', 27, 1),
(2, '코딩 공부 루틴 공유 #5', '2402', '효율적인 코딩 공부 방법과 루틴을 나눠보아요.', '2024-05-15 13:22:00', 44, 1),
(2, '개발자 일상 브이로그 #6', '2500', '오늘 하루 개발자로서 어떤 일을 했는지 기록합니다.', '2024-05-06 07:33:00', 25, 1),
(2, '토이 프로젝트 아이디어 #7', '2406', '함께 구현해볼 수 있는 재미있는 프로젝트 아이디어를 제안합니다.', '2024-05-30 00:06:00', 65, 1),
(2, '기술 트렌드 공유 #8', '2402', '최신 AI 기술과 관련하여 흥미로운 트렌드를 공유합니다.', '2024-05-26 03:01:00', 67, 0),
(2, '기획안 피드백 부탁드려요 #9', '2500', '이번에 작성한 기획안에 대해 조언을 구하고 싶습니다.', '2024-05-13 04:17:00', 13, 1),
(2, 'DB 설계 질문 #10', '2406', 'DB 설계 시 고민되는 지점에 대해 조언을 구하고자 합니다.', '2024-05-11 13:36:00', 56, 1),
(2, '개발자 일상 브이로그 #11', '2411', '오늘 하루 개발자로서 어떤 일을 했는지 기록합니다.', '2024-05-07 11:52:00', 33, 1),
(2, '면접 꿀팁 대방출 #12', '2411', '최근 경험한 면접에서 유용했던 팁을 나눠요.', '2024-05-07 16:23:00', 81, 0),
(2, '면접 꿀팁 대방출 #13', '2402', '최근 경험한 면접에서 유용했던 팁을 나눠요.', '2024-05-25 08:05:00', 42, 1),
(2, '기술 트렌드 공유 #14', '2402', '최신 AI 기술과 관련하여 흥미로운 트렌드를 공유합니다.', '2024-05-12 01:42:00', 60, 1),
(2, '면접 꿀팁 대방출 #15', '2401', '최근 경험한 면접에서 유용했던 팁을 나눠요.', '2024-05-15 06:25:00', 36, 1),
(2, '토이 프로젝트 아이디어 #16', '2500', '함께 구현해볼 수 있는 재미있는 프로젝트 아이디어를 제안합니다.', '2024-05-26 05:16:00', 33, 1),
(2, 'React 상태관리 방식 비교 #17', '2401', 'Redux, Context API 등 상태관리 방식의 장단점을 비교합니다.', '2024-05-12 09:25:00', 96, 0),
(2, '개발자 일상 브이로그 #18', '2500', '오늘 하루 개발자로서 어떤 일을 했는지 기록합니다.', '2024-05-17 10:52:00', 72, 1),
(2, '개발자 일상 브이로그 #19', '2500', '오늘 하루 개발자로서 어떤 일을 했는지 기록합니다.', '2024-05-30 20:43:00', 58, 0),
(2, '개발자 일상 브이로그 #20', '2400', '오늘 하루 개발자로서 어떤 일을 했는지 기록합니다.', '2024-05-13 01:18:00', 14, 0),
(2, 'React 상태관리 방식 비교 #21', '2405', 'Redux, Context API 등 상태관리 방식의 장단점을 비교합니다.', '2024-05-10 10:24:00', 71, 0),
(2, '면접 꿀팁 대방출 #22', '2411', '최근 경험한 면접에서 유용했던 팁을 나눠요.', '2024-05-08 05:34:00', 34, 0),
(2, '개발자 일상 브이로그 #23', '2500', '오늘 하루 개발자로서 어떤 일을 했는지 기록합니다.', '2024-05-19 00:45:00', 14, 0),
(2, '스터디 모집합니다 #24', '2411', '함께 열심히 공부할 분을 모집합니다. 분야는 CS 전반입니다.', '2024-05-20 03:59:00', 31, 0),
(2, '코딩 공부 루틴 공유 #25', '2411', '효율적인 코딩 공부 방법과 루틴을 나눠보아요.', '2024-05-11 12:40:00', 84, 1),
(2, '기획안 피드백 부탁드려요 #26', '2402', '이번에 작성한 기획안에 대해 조언을 구하고 싶습니다.', '2024-05-29 15:25:00', 56, 1),
(2, '토이 프로젝트 아이디어 #27', '2405', '함께 구현해볼 수 있는 재미있는 프로젝트 아이디어를 제안합니다.', '2024-05-24 00:57:00', 90, 0),
(2, 'React 상태관리 방식 비교 #28', '2405', 'Redux, Context API 등 상태관리 방식의 장단점을 비교합니다.', '2024-05-04 04:46:00', 96, 0),
(2, '면접 꿀팁 대방출 #29', '2401', '최근 경험한 면접에서 유용했던 팁을 나눠요.', '2024-05-07 22:51:00', 49, 0),
(2, '스터디 모집합니다 #30', '2400', '함께 열심히 공부할 분을 모집합니다. 분야는 CS 전반입니다.', '2024-05-07 21:47:00', 56, 1),
(2, '스터디 모집합니다 #31', '2401', '함께 열심히 공부할 분을 모집합니다. 분야는 CS 전반입니다.', '2024-06-01 08:51:00', 79, 1),
(2, '기술 트렌드 공유 #32', '2500', '최신 AI 기술과 관련하여 흥미로운 트렌드를 공유합니다.', '2024-05-05 08:16:00', 55, 1),
(2, '스터디 모집합니다 #33', '2401', '함께 열심히 공부할 분을 모집합니다. 분야는 CS 전반입니다.', '2024-05-23 19:24:00', 74, 0),
(2, '기획안 피드백 부탁드려요 #34', '2402', '이번에 작성한 기획안에 대해 조언을 구하고 싶습니다.', '2024-05-28 15:36:00', 58, 1),
(2, '스터디 모집합니다 #35', '2401', '함께 열심히 공부할 분을 모집합니다. 분야는 CS 전반입니다.', '2024-05-13 17:56:00', 31, 1),
(2, 'DB 설계 질문 #36', '2402', 'DB 설계 시 고민되는 지점에 대해 조언을 구하고자 합니다.', '2024-05-10 12:02:00', 56, 0),
(2, '코딩 공부 루틴 공유 #37', '2411', '효율적인 코딩 공부 방법과 루틴을 나눠보아요.', '2024-05-30 23:06:00', 73, 1),
(2, '코딩 공부 루틴 공유 #38', '2406', '효율적인 코딩 공부 방법과 루틴을 나눠보아요.', '2024-05-25 00:18:00', 16, 0),
(2, '백엔드 개발자의 하루 #39', '2401', '백엔드 업무를 하며 느낀 점과 배운 내용을 공유합니다.', '2024-05-12 06:38:00', 81, 0),
(2, '개발자 일상 브이로그 #40', '2401', '오늘 하루 개발자로서 어떤 일을 했는지 기록합니다.', '2024-05-02 04:22:00', 17, 1),
(2, '코딩 공부 루틴 공유 #41', '2401', '효율적인 코딩 공부 방법과 루틴을 나눠보아요.', '2024-05-28 11:09:00', 71, 1),
(2, 'React 상태관리 방식 비교 #42', '2400', 'Redux, Context API 등 상태관리 방식의 장단점을 비교합니다.', '2024-05-07 23:15:00', 57, 0),
(2, 'React 상태관리 방식 비교 #43', '2406', 'Redux, Context API 등 상태관리 방식의 장단점을 비교합니다.', '2024-05-27 18:10:00', 25, 1),
(2, 'React 상태관리 방식 비교 #44', '2400', 'Redux, Context API 등 상태관리 방식의 장단점을 비교합니다.', '2024-05-27 07:41:00', 95, 1),
(2, '토이 프로젝트 아이디어 #45', '2400', '함께 구현해볼 수 있는 재미있는 프로젝트 아이디어를 제안합니다.', '2024-05-24 18:29:00', 28, 1),
(2, '백엔드 개발자의 하루 #46', '2406', '백엔드 업무를 하며 느낀 점과 배운 내용을 공유합니다.', '2024-05-31 09:35:00', 44, 1),
(2, '기술 트렌드 공유 #47', '2406', '최신 AI 기술과 관련하여 흥미로운 트렌드를 공유합니다.', '2024-05-04 10:18:00', 78, 0),
(2, '기획안 피드백 부탁드려요 #48', '2406', '이번에 작성한 기획안에 대해 조언을 구하고 싶습니다.', '2024-05-31 18:06:00', 67, 1),
(2, '기획안 피드백 부탁드려요 #49', '2500', '이번에 작성한 기획안에 대해 조언을 구하고 싶습니다.', '2024-05-02 21:25:00', 30, 0),
(2, '코딩 공부 루틴 공유 #50', '2500', '효율적인 코딩 공부 방법과 루틴을 나눠보아요.', '2024-05-01 17:04:00', 39, 0),
(2, '토이 프로젝트 아이디어 #51', '2405', '함께 구현해볼 수 있는 재미있는 프로젝트 아이디어를 제안합니다.', '2024-05-09 11:27:00', 45, 1),
(2, '기획안 피드백 부탁드려요 #52', '2401', '이번에 작성한 기획안에 대해 조언을 구하고 싶습니다.', '2024-05-10 13:24:00', 38, 0),
(2, '코딩 공부 루틴 공유 #53', '2401', '효율적인 코딩 공부 방법과 루틴을 나눠보아요.', '2024-05-17 18:32:00', 47, 1),
(2, 'React 상태관리 방식 비교 #54', '2406', 'Redux, Context API 등 상태관리 방식의 장단점을 비교합니다.', '2024-05-08 02:09:00', 100, 0),
(2, '기획안 피드백 부탁드려요 #55', '2500', '이번에 작성한 기획안에 대해 조언을 구하고 싶습니다.', '2024-05-20 12:27:00', 35, 1),
(2, '토이 프로젝트 아이디어 #56', '2411', '함께 구현해볼 수 있는 재미있는 프로젝트 아이디어를 제안합니다.', '2024-05-01 15:41:00', 74, 1),
(2, '토이 프로젝트 아이디어 #57', '2400', '함께 구현해볼 수 있는 재미있는 프로젝트 아이디어를 제안합니다.', '2024-05-20 19:07:00', 78, 1),
(2, '백엔드 개발자의 하루 #58', '2400', '백엔드 업무를 하며 느낀 점과 배운 내용을 공유합니다.', '2024-05-03 07:08:00', 30, 1),
(2, '토이 프로젝트 아이디어 #59', '2400', '함께 구현해볼 수 있는 재미있는 프로젝트 아이디어를 제안합니다.', '2024-05-03 01:33:00', 67, 1),
(2, 'React 상태관리 방식 비교 #60', '2500', 'Redux, Context API 등 상태관리 방식의 장단점을 비교합니다.', '2024-05-26 11:13:00', 73, 1),
(2, '기획안 피드백 부탁드려요 #61', '2406', '이번에 작성한 기획안에 대해 조언을 구하고 싶습니다.', '2024-05-31 20:34:00', 24, 1),
(2, '스터디 모집합니다 #62', '2400', '함께 열심히 공부할 분을 모집합니다. 분야는 CS 전반입니다.', '2024-05-09 04:33:00', 12, 1),
(2, '기술 트렌드 공유 #63', '2500', '최신 AI 기술과 관련하여 흥미로운 트렌드를 공유합니다.', '2024-05-11 18:03:00', 93, 1),
(2, '백엔드 개발자의 하루 #64', '2405', '백엔드 업무를 하며 느낀 점과 배운 내용을 공유합니다.', '2024-05-22 07:01:00', 77, 0),
(2, '면접 꿀팁 대방출 #65', '2400', '최근 경험한 면접에서 유용했던 팁을 나눠요.', '2024-05-09 04:10:00', 15, 0),
(2, 'DB 설계 질문 #66', '2400', 'DB 설계 시 고민되는 지점에 대해 조언을 구하고자 합니다.', '2024-05-05 12:32:00', 60, 0),
(2, '백엔드 개발자의 하루 #67', '2411', '백엔드 업무를 하며 느낀 점과 배운 내용을 공유합니다.', '2024-05-29 06:29:00', 73, 1),
(2, 'DB 설계 질문 #68', '2401', 'DB 설계 시 고민되는 지점에 대해 조언을 구하고자 합니다.', '2024-05-23 22:12:00', 99, 1),
(2, '개발자 일상 브이로그 #69', '2411', '오늘 하루 개발자로서 어떤 일을 했는지 기록합니다.', '2024-05-25 14:58:00', 25, 0),
(2, '코딩 공부 루틴 공유 #70', '2401', '효율적인 코딩 공부 방법과 루틴을 나눠보아요.', '2024-05-08 20:45:00', 67, 1),
(2, '기술 트렌드 공유 #71', '2402', '최신 AI 기술과 관련하여 흥미로운 트렌드를 공유합니다.', '2024-05-29 04:04:00', 30, 1),
(2, '면접 꿀팁 대방출 #72', '2401', '최근 경험한 면접에서 유용했던 팁을 나눠요.', '2024-05-21 05:58:00', 14, 0),
(2, '토이 프로젝트 아이디어 #73', '2500', '함께 구현해볼 수 있는 재미있는 프로젝트 아이디어를 제안합니다.', '2024-05-24 21:15:00', 93, 0),
(2, '토이 프로젝트 아이디어 #74', '2405', '함께 구현해볼 수 있는 재미있는 프로젝트 아이디어를 제안합니다.', '2024-05-11 04:32:00', 25, 1),
(2, 'DB 설계 질문 #75', '2400', 'DB 설계 시 고민되는 지점에 대해 조언을 구하고자 합니다.', '2024-05-18 06:40:00', 53, 0),
(2, '코딩 공부 루틴 공유 #76', '2400', '효율적인 코딩 공부 방법과 루틴을 나눠보아요.', '2024-05-14 16:48:00', 38, 1),
(2, 'DB 설계 질문 #77', '2405', 'DB 설계 시 고민되는 지점에 대해 조언을 구하고자 합니다.', '2024-05-15 10:47:00', 20, 1),
(2, '백엔드 개발자의 하루 #78', '2405', '백엔드 업무를 하며 느낀 점과 배운 내용을 공유합니다.', '2024-05-09 13:28:00', 57, 1),
(2, 'React 상태관리 방식 비교 #79', '2402', 'Redux, Context API 등 상태관리 방식의 장단점을 비교합니다.', '2024-05-11 19:24:00', 38, 1),
(2, 'React 상태관리 방식 비교 #80', '2402', 'Redux, Context API 등 상태관리 방식의 장단점을 비교합니다.', '2024-05-29 12:37:00', 61, 0),
(2, '기술 트렌드 공유 #81', '2500', '최신 AI 기술과 관련하여 흥미로운 트렌드를 공유합니다.', '2024-05-02 13:15:00', 36, 1),
(2, '토이 프로젝트 아이디어 #82', '2400', '함께 구현해볼 수 있는 재미있는 프로젝트 아이디어를 제안합니다.', '2024-05-24 17:38:00', 100, 0),
(2, '기술 트렌드 공유 #83', '2401', '최신 AI 기술과 관련하여 흥미로운 트렌드를 공유합니다.', '2024-05-19 20:32:00', 31, 1),
(2, '면접 꿀팁 대방출 #84', '2411', '최근 경험한 면접에서 유용했던 팁을 나눠요.', '2024-05-13 02:19:00', 44, 1),
(2, '기획안 피드백 부탁드려요 #85', '2402', '이번에 작성한 기획안에 대해 조언을 구하고 싶습니다.', '2024-05-11 10:13:00', 48, 1),
(2, '개발자 일상 브이로그 #86', '2406', '오늘 하루 개발자로서 어떤 일을 했는지 기록합니다.', '2024-05-12 05:03:00', 75, 0),
(2, '코딩 공부 루틴 공유 #87', '2400', '효율적인 코딩 공부 방법과 루틴을 나눠보아요.', '2024-05-10 13:54:00', 68, 0),
(2, '개발자 일상 브이로그 #88', '2405', '오늘 하루 개발자로서 어떤 일을 했는지 기록합니다.', '2024-05-30 04:29:00', 99, 1),
(2, '스터디 모집합니다 #89', '2400', '함께 열심히 공부할 분을 모집합니다. 분야는 CS 전반입니다.', '2024-05-31 03:14:00', 79, 0),
(2, '코딩 공부 루틴 공유 #90', '2402', '효율적인 코딩 공부 방법과 루틴을 나눠보아요.', '2024-05-21 23:27:00', 98, 0),
(2, '코딩 공부 루틴 공유 #91', '2401', '효율적인 코딩 공부 방법과 루틴을 나눠보아요.', '2024-05-07 22:41:00', 87, 1),
(2, '스터디 모집합니다 #92', '2400', '함께 열심히 공부할 분을 모집합니다. 분야는 CS 전반입니다.', '2024-05-27 16:08:00', 46, 1),
(2, '면접 꿀팁 대방출 #93', '2406', '최근 경험한 면접에서 유용했던 팁을 나눠요.', '2024-05-29 00:47:00', 31, 0),
(2, '코딩 공부 루틴 공유 #94', '2400', '효율적인 코딩 공부 방법과 루틴을 나눠보아요.', '2024-05-01 19:47:00', 49, 1),
(2, '기술 트렌드 공유 #95', '2405', '최신 AI 기술과 관련하여 흥미로운 트렌드를 공유합니다.', '2024-06-01 00:05:00', 32, 0),
(2, '백엔드 개발자의 하루 #96', '2406', '백엔드 업무를 하며 느낀 점과 배운 내용을 공유합니다.', '2024-05-24 20:58:00', 92, 0),
(2, '면접 꿀팁 대방출 #97', '2401', '최근 경험한 면접에서 유용했던 팁을 나눠요.', '2024-05-06 00:15:00', 24, 0),
(2, '개발자 일상 브이로그 #98', '2400', '오늘 하루 개발자로서 어떤 일을 했는지 기록합니다.', '2024-05-04 21:43:00', 55, 0),
(2, '면접 꿀팁 대방출 #99', '2400', '최근 경험한 면접에서 유용했던 팁을 나눠요.', '2024-05-06 05:18:00', 36, 0),
(2, '스터디 모집합니다 #100', '2406', '함께 열심히 공부할 분을 모집합니다. 분야는 CS 전반입니다.', '2024-05-30 07:01:00', 13, 0);


-- 💬 댓글
INSERT INTO comment (content, user_id, article_id, created_at) VALUES
('좋은 정보 감사합니다!', '2401', 1, '2024-05-20 11:00:00'),
('기대되네요!', '2402', 1, '2024-05-20 11:10:00'),
('김밥 어때요?', '2400', 3, '2024-05-21 12:30:00'),
('Context도 좋아요!', '2406', 5, '2024-05-21 16:00:00'),
('제가 도와드릴게요!', '2405', 6, '2024-05-22 11:10:00'),
('관심 있어요!', '2401', 7, '2024-05-23 14:20:00'),
('참여하고 싶어요!', '2402', 8, '2024-05-23 15:30:00'),
('졸업생 번개 좋네요', '2405', 9, '2024-05-24 18:30:00'),
('도움 많이 됐어요 감사합니다!', '2406', 10, '2024-05-24 19:30:00');

-- 🔔 알림
INSERT INTO alert (article_id, receiver_id, comment_id, sender_id, type, checked) VALUES
(1, '2406', 1, '2401', "comment", 0),
(1, '2406', 2, '2402', "comment", 0),
(3, '2405', 3, '2400', "comment", 0),
(5, '2405', 4, '2406', "comment", 0),
(6, '2406', 5, '2405', "mention", 0),
(7, '2411', 6, '2401', "mention", 0),
(8, '2400', 7, '2402', "mention", 0),
(9, '2400', 8, '2405', "mention", 0),
(10, '2401', 9, '2406', "mention", 0);
